timestamp,user,metric_1,metric_2,metric_3,metric_4,metric_5,metric_6,metric_7,metric_8,metric_9
2025-01-01 00:00:00,user1,6568,6421,5042,7317,7584,5994,5843,6831,5255
2025-01-01 00:00:00,user3,4617,4355,3944,4086,3638,2791,2910,3933,3444
2025-01-01 00:00:00,user5,1862,3163,2765,2399,2326,3292,3546,2367,2906
2025-01-01 00:00:00,user6,1993,2241,2136,3266,3299,2338,3130,1674,2544
2025-01-01 00:00:00,user7,1283,1758,2181,1448,3374,3276,2132,2283,2282
2025-01-01 00:00:00,user9,5449,1929,3476,3835,2568,3709,3129,5145,4415
2025-01-01 00:00:00,user10,5747,5079,4327,5739,5207,5181,6071,5960,5578
2025-01-02 00:00:00,user1,1336,1499,1827,1566,1884,1099,1232,2535,2845
2025-01-02 00:00:00,user3,1121,1920,1983,1761,2092,1696,2064,2365,1986
2025-01-02 00:00:00,user4,2036,2000,2908,2610,3165,3637,1504,2190,2416
2025-01-02 00:00:00,user5,3458,3392,4411,3679,7186,4219,5269,4734,4939
2025-01-02 00:00:00,user6,2367,3298,1923,2176,2949,2258,2436,2412,2250
2025-01-02 00:00:00,user8,489,648,183,510,518,684,920,909,638
2025-01-02 00:00:00,user9,480,491,658,873,793,924,84,840,456
2025-01-02 00:00:00,user10,7429,8611,8425,6508,7233,7593,7910,7105,10001
2025-01-03 00:00:00,user1,2360,2057,2147,1409,2022,2218,2494,1667,1675
2025-01-03 00:00:00,user2,1858,1591,775,1542,2222,1785,2181,2276,2695
2025-01-03 00:00:00,user6,744,2004,910,1580,738,1319,1330,1121,884
2025-01-03 00:00:00,user7,4077,3948,4434,3418,5921,6812,3452,4241,4506
2025-01-03 00:00:00,user8,1026,1457,1493,1273,2353,1550,2454,1668,1398
2025-01-03 00:00:00,user9,1774,1618,1643,1553,899,1349,1626,2307,720
2025-01-03 00:00:00,user10,484,750,42,366,505,132,278,59,480
2025-01-04 00:00:00,user2,1752,941,3141,1133,1799,2710,1903,2932,2392
2025-01-04 00:00:00,user3,2724,3531,3539,3426,2403,2411,3251,2032,3644
2025-01-04 00:00:00,user6,4361,3844,3668,3449,2911,4415,3497,3518,4192
2025-01-04 00:00:00,user7,1405,3203,2578,2152,2519,2908,2786,1850,1966
2025-01-04 00:00:00,user8,1935,1336,1585,2768,1697,2013,2674,1762,1722
2025-01-04 00:00:00,user10,6981,6405,5536,5801,5334,4535,4628,4833,6362
2025-01-05 00:00:00,user3,635,1689,923,572,333,794,1136,862,830
2025-01-05 00:00:00,user4,2563,1921,684,1587,2485,1786,2661,2290,758
2025-01-05 00:00:00,user5,1239,390,1352,597,1365,664,642,529,186
2025-01-05 00:00:00,user7,981,1369,1055,1062,1044,1214,969,1511,991
2025-01-05 00:00:00,user8,2871,2617,2620,1926,2537,2166,1670,2086,1736
2025-01-05 00:00:00,user9,625,1744,1335,941,510,1371,493,145,583
2025-01-05 00:00:00,user10,5042,4573,2631,3412,3581,4364,4381,4582,5305
